scope,model,n,positives,prevalence,auroc,auprc
full_test,xgboost_64,210,23,0.10952380952380952,0.6265984654731458,0.20750627982102532
full_test,tabpfn_64,210,23,0.10952380952380952,0.600209253661939,0.24407545217832805
full_test,ensemble_64,210,23,0.10952380952380952,0.6222971401999535,0.20557177038767704
paired_alphamissense_test,alphamissense,204,22,0.10784313725490197,0.619005994005994,0.15523123438582076
paired_alphamissense_test,xgboost_64,204,22,0.10784313725490197,0.6391108891108891,0.21125324873856463
paired_alphamissense_test,tabpfn_64,204,22,0.10784313725490197,0.6155094905094904,0.25002021826413395
paired_alphamissense_test,ensemble_64,204,22,0.10784313725490197,0.637987012987013,0.20963559932661285
