scope,subgroup,n,positives,auroc_61,auroc_64,delta_auroc,auprc_61,auprc_64,delta_auprc
overall,all,2179,236,0.6286408402173819,0.6421683226183519,0.013527482400970015,0.17576208713124347,0.19809834685617844,0.02233625972493497
fold,0,406,47,0.6458839566170805,0.6607597937533338,0.01487583713625329,0.1860042836179836,0.21651029376980618,0.030506010151822582
fold,1,430,41,0.5958994294313122,0.63138754780864,0.03548811837732779,0.1478494131136479,0.2200344466223239,0.072185033508676
fold,2,431,51,0.5924148606811146,0.6483488132094942,0.05593395252837963,0.19720874909169936,0.24018365860229557,0.04297490951059621
fold,3,454,63,0.6416189664271505,0.6343522916412941,-0.0072666747858564085,0.24863340731653408,0.22902083728392672,-0.019612570032607357
fold,4,458,34,0.697558268590455,0.6743201997780245,-0.023238068812430512,0.1572270911391521,0.16954066204220128,0.012313570903049187
tmd_group,in_TMD,151,39,0.7035256410256411,0.6758241758241758,-0.027701465201465325,0.44399387603243573,0.39256640213352784,-0.051427473898907894
tmd_group,outside_TMD,2028,197,0.6073627625746104,0.6157989725733075,0.008436209998697097,0.14799112023275748,0.16224972821529066,0.014258607982533172
