comparison,delta_auroc_mean,delta_auroc_low,delta_auroc_high,delta_auprc_mean,delta_auprc_low,delta_auprc_high
MLP64 − XGB64,0.06160394610493911,-0.03763706097247777,0.1579694159462941,0.05272973981464039,-0.12482930652394701,0.19468548064239688
MLP70 − MLP64,-0.011986560805791304,-0.07985941075115782,0.04589972314037907,0.012280280882889558,-0.05884932689050709,0.10121600657732542
MLP70 − XGB70,0.018265081887997837,-0.1005350167680486,0.11282106782106781,0.03905178509471581,-0.15093580576027155,0.21353461582730643
XGB70 − XGB64,0.03135230341114997,-0.04980700469185502,0.10019876088595553,0.025958235602814135,-0.09334379917750947,0.13782008985723618
