comparison,delta_auroc_mean,delta_auroc_low,delta_auroc_high,delta_auprc_mean,delta_auprc_low,delta_auprc_high
MLP64 − XGB64,0.054801871965760134,-0.01681307548923594,0.1343469515602354,0.07366297881978892,-0.08899325889604578,0.23376091813128502
MLP70 − MLP64,-0.011986560805791304,-0.07985941075115782,0.04589972314037907,0.012280280882889558,-0.05884932689050709,0.10121600657732542
MLP70 − XGB70,-0.033102798006699956,-0.11046460307012394,0.06285189642021091,0.02043083699295749,-0.10692521473860847,0.16034873478771208
XGB70 − XGB64,0.07591810916666879,0.0017785246120920228,0.13987856125356113,0.06551242270972098,-0.10169089092578362,0.21467261592882939
