comparison,delta_auroc_mean,delta_auroc_low,delta_auroc_high,delta_auprc_mean,delta_auprc_low,delta_auprc_high
MLP64 vs XGB64,0.040532770725481504,-0.039701462640270926,0.12414110926303785,0.06394494295280012,-0.09221494141373379,0.2241227786839032
MLP70 vs MLP64,-0.011986560805791304,-0.07985941075115782,0.04589972314037907,0.012280280882889558,-0.05884932689050709,0.10121600657732542
MLP70 vs XGB70,-0.044023825600054425,-0.12073397283167928,0.03985473193854198,0.004394342837402929,-0.1229179227287518,0.1491675182983311
XGB70 vs XGB64,0.07257003551974463,0.008059106334841602,0.14026081198608475,0.07183088099828674,-0.0889085796600262,0.2046612050167806
